{
  "RMSE": 3.112589703618367,
  "MAE": 2.8801867981959877,
  "Precision@10": 0.011803278688524588,
  "Recall@10": 0.002903414405390081
}